<?xml version="1.0" encoding="UTF-8"?><module codename="org.netbeans.lib.profiler/1">
    <module_version install_time="1410360563794" last="true" origin="installer" specification_version="1.54.2">
        <file crc="2155818874" name="config/Modules/org-netbeans-lib-profiler.xml"/>
        <file crc="234665894" name="lib/deployed/jdk15/hpux-pa_risc2.0/libprofilerinterface.sl"/>
        <file crc="2819309556" name="lib/deployed/jdk15/hpux-pa_risc2.0w/libprofilerinterface.sl"/>
        <file crc="2211898994" name="lib/deployed/jdk15/linux-amd64/libprofilerinterface.so"/>
        <file crc="1139785813" name="lib/deployed/jdk15/linux/libprofilerinterface.so"/>
        <file crc="4060988093" name="lib/deployed/jdk15/mac/libprofilerinterface.jnilib"/>
        <file crc="188498089" name="lib/deployed/jdk15/solaris-amd64/libprofilerinterface.so"/>
        <file crc="3630487171" name="lib/deployed/jdk15/solaris-i386/libprofilerinterface.so"/>
        <file crc="4041266873" name="lib/deployed/jdk15/solaris-sparc/libprofilerinterface.so"/>
        <file crc="3588777766" name="lib/deployed/jdk15/solaris-sparcv9/libprofilerinterface.so"/>
        <file crc="2355602846" name="lib/deployed/jdk15/windows-amd64/profilerinterface.dll"/>
        <file crc="598048445" name="lib/deployed/jdk15/windows-amd64/profilerinterface.map"/>
        <file crc="1861351910" name="lib/deployed/jdk15/windows/profilerinterface.dll"/>
        <file crc="1740240137" name="lib/deployed/jdk15/windows/profilerinterface.map"/>
        <file crc="3099165103" name="lib/deployed/jdk16/hpux-pa_risc2.0/libprofilerinterface.sl"/>
        <file crc="2258844309" name="lib/deployed/jdk16/hpux-pa_risc2.0w/libprofilerinterface.sl"/>
        <file crc="699596813" name="lib/deployed/jdk16/linux-amd64/libprofilerinterface.so"/>
        <file crc="1202030947" name="lib/deployed/jdk16/linux-arm-vfp-hflt/libprofilerinterface.so"/>
        <file crc="3768229248" name="lib/deployed/jdk16/linux-arm/libprofilerinterface.so"/>
        <file crc="2320808482" name="lib/deployed/jdk16/linux/libprofilerinterface.so"/>
        <file crc="920727167" name="lib/deployed/jdk16/mac/libprofilerinterface.jnilib"/>
        <file crc="3996933460" name="lib/deployed/jdk16/solaris-amd64/libprofilerinterface.so"/>
        <file crc="2204241340" name="lib/deployed/jdk16/solaris-i386/libprofilerinterface.so"/>
        <file crc="439030528" name="lib/deployed/jdk16/solaris-sparc/libprofilerinterface.so"/>
        <file crc="4151203087" name="lib/deployed/jdk16/solaris-sparcv9/libprofilerinterface.so"/>
        <file crc="2049566033" name="lib/deployed/jdk16/windows-amd64/profilerinterface.dll"/>
        <file crc="2485666048" name="lib/deployed/jdk16/windows-amd64/profilerinterface.map"/>
        <file crc="862448653" name="lib/deployed/jdk16/windows/profilerinterface.dll"/>
        <file crc="2675207494" name="lib/deployed/jdk16/windows/profilerinterface.map"/>
        <file crc="165775234" name="lib/jfluid-server-15.jar"/>
        <file crc="4206888998" name="lib/jfluid-server.jar"/>
        <file crc="3676248623" name="modules/org-netbeans-lib-profiler.jar"/>
    </module_version>
</module>
