<?xml version="1.0" encoding="UTF-8"?><module codename="org.netbeans.bootstrap/1">
    <module_version install_time="1410360489295" last="true" origin="installer" specification_version="2.67.1">
        <file crc="3756581296" name="lib/boot.jar"/>
        <file crc="3836741418" name="lib/nbexec"/>
        <file crc="2866453893" name="lib/nbexec.dll"/>
        <file crc="3598602536" name="lib/nbexec.exe"/>
        <file crc="3662917616" name="lib/nbexec64.dll"/>
        <file crc="3141257027" name="lib/nbexec64.exe"/>
    </module_version>
</module>
